Timestamp,Frequency,SNR,Peak,Floor
2026-07-21 18:48:31.664,91160000,4.91,-56.31,-61.22
2026-07-21 18:48:32.665,91160000,4.8,-56.62,-61.41
2026-07-21 18:48:33.664,91160000,4.89,-57,-61.88
2026-07-21 18:48:34.675,91160000,5.18,-56.66,-61.84
2026-07-21 18:48:35.675,91160000,4.69,-57.16,-61.85
2026-07-21 18:48:36.678,91160000,4.36,-56.74,-61.11
2026-07-21 18:48:37.663,91160000,4.37,-55.98,-60.35
2026-07-21 18:48:38.671,91160000,3.93,-56.37,-60.29
2026-07-21 18:48:39.672,91160000,3.63,-56.83,-60.46
2026-07-21 18:48:40.673,91160000,4.44,-55.98,-60.41
2026-07-21 18:48:41.663,91160000,4.53,-56.7,-61.23
2026-07-21 18:48:42.664,91160000,4.25,-57.3,-61.55
2026-07-21 18:48:43.910,91160000,3.92,-56.76,-60.68
2026-07-21 18:48:44.668,91160000,3.67,-56.65,-60.32
2026-07-21 18:48:45.664,91160000,3.31,-56.47,-59.78
2026-07-21 18:48:46.666,91160000,3.38,-57.02,-60.41
2026-07-21 18:48:47.679,91160000,4.11,-57.16,-61.27
2026-07-21 18:48:48.671,91160000,4.51,-56.04,-60.54
2026-07-21 18:48:49.672,91160000,4.7,-56.85,-61.54
2026-07-21 18:48:50.671,91160000,5.43,-57.41,-62.84
2026-07-21 18:48:51.664,91160000,5.15,-56.96,-62.11
2026-07-21 18:48:52.669,91160000,5.25,-57.79,-63.04
2026-07-21 18:48:53.671,91160000,4.78,-56.87,-61.65
2026-07-21 18:48:54.669,91160000,4.3,-57.27,-61.57
2026-07-21 18:48:55.668,91160000,3.99,-56.97,-60.96
2026-07-21 18:48:56.668,91160000,4.54,-56.01,-60.55
2026-07-21 18:48:57.667,91160000,5.35,-55.11,-60.46
2026-07-21 18:48:58.665,91160000,5.51,-56.01,-61.51
2026-07-21 18:48:59.721,91160000,5.97,-54.36,-60.32
2026-07-21 18:49:00.667,91160000,5.53,-55,-60.53
2026-07-21 18:49:01.665,91160000,5,-55.51,-60.51
2026-07-21 18:49:02.665,91160000,5.95,-53.73,-59.68
2026-07-21 18:49:03.819,91160000,5.47,-54.13,-59.6
2026-07-21 18:49:04.663,91160000,5.49,-54.88,-60.37
2026-07-21 18:49:05.841,91160000,4.24,-55.2,-59.43
2026-07-21 18:49:06.672,91160000,3.74,-55.49,-59.24
2026-07-21 18:49:07.664,91160000,4.03,-56.23,-60.26
2026-07-21 18:49:08.729,91160000,3.57,-56.26,-59.83
2026-07-21 18:49:09.666,91160000,4.19,-56.1,-60.28
2026-07-21 18:49:10.670,91160000,4.52,-55.06,-59.58
2026-07-21 18:49:11.664,91160000,4.24,-55.35,-59.59
2026-07-21 18:49:12.677,91160000,3.92,-54.83,-58.76
2026-07-21 18:49:13.666,91160000,4.32,-55.62,-59.93
2026-07-21 18:49:14.903,91160000,4.61,-55.99,-60.6
2026-07-21 18:49:15.670,91160000,4.75,-56.62,-61.36
2026-07-21 18:49:16.747,91160000,4.77,-56.67,-61.43
2026-07-21 18:49:17.675,91160000,4.49,-57.22,-61.71
2026-07-21 18:49:18.675,91160000,5.14,-56.13,-61.26
2026-07-21 18:49:19.711,91160000,4.53,-55.86,-60.39
2026-07-21 18:49:20.677,91160000,4.44,-56.55,-60.99
2026-07-21 18:49:21.675,91160000,4.9,-57.52,-62.42
2026-07-21 18:49:22.672,91160000,4.88,-56.92,-61.8
2026-07-21 18:49:23.672,91160000,5.8,-55.08,-60.88
2026-07-21 18:49:24.668,91160000,5.84,-55.08,-60.92
2026-07-21 18:49:25.663,91160000,7.28,-55.62,-62.9
2026-07-21 18:49:26.672,91160000,6.91,-55.49,-62.4
2026-07-21 18:49:27.673,91160000,6.75,-55.4,-62.15
2026-07-21 18:49:28.671,91160000,6.2,-55.77,-61.97
2026-07-21 18:49:29.675,91160000,6.28,-56.16,-62.44
2026-07-21 18:49:30.674,91160000,6.26,-55.82,-62.08
2026-07-21 18:49:31.673,91160000,5.93,-56.34,-62.27
2026-07-21 18:49:32.670,91160000,6.56,-56.21,-62.77
2026-07-21 18:49:33.666,91160000,6.73,-55.39,-62.12
2026-07-21 18:49:34.664,91160000,6.48,-55.73,-62.21
2026-07-21 18:49:35.663,91160000,5.92,-55.98,-61.9
2026-07-21 18:49:36.676,91160000,6.38,-55.96,-62.33
2026-07-21 18:49:37.678,91160000,7.37,-54.42,-61.79
2026-07-21 18:49:38.665,91160000,6.4,-54.79,-61.19
2026-07-21 18:49:39.663,91160000,6.17,-55,-61.16
2026-07-21 18:49:40.665,91160000,5.76,-54.95,-60.7
2026-07-21 18:49:41.678,91160000,6.44,-54.89,-61.33
2026-07-21 18:49:42.663,91160000,6.33,-55.37,-61.7
2026-07-21 18:49:43.663,91160000,6.53,-55.82,-62.35
2026-07-21 18:49:44.678,91160000,5.61,-56.14,-61.75
2026-07-21 18:49:45.675,91160000,5.38,-56.4,-61.78
2026-07-21 18:49:46.672,91160000,5.93,-55.71,-61.64
2026-07-21 18:49:47.674,91160000,7.2,-55.21,-62.41
2026-07-21 18:49:48.669,91160000,6.51,-55.62,-62.13
2026-07-21 18:49:49.668,91160000,6.44,-55.14,-61.58
2026-07-21 18:49:50.667,91160000,5.98,-55.46,-61.44
2026-07-21 18:49:51.669,91160000,5.57,-54.97,-60.54
2026-07-21 18:49:52.670,91160000,5.36,-55.47,-60.84
2026-07-21 18:49:53.677,91160000,5.59,-55.48,-61.08
2026-07-21 18:49:54.671,91160000,6.38,-55.86,-62.24
2026-07-21 18:49:55.672,91160000,7.64,-55.26,-62.9
2026-07-21 18:49:56.664,91160000,8.66,-53.73,-62.39
2026-07-21 18:49:57.663,91160000,8.94,-53.83,-62.77
2026-07-21 18:49:58.663,91160000,8.28,-54.1,-62.38
2026-07-21 18:49:59.678,91160000,7.96,-54.67,-62.63
2026-07-21 18:50:00.664,91160000,7.34,-55.06,-62.4
2026-07-21 18:50:01.677,91160000,6.65,-55.2,-61.84
2026-07-21 18:50:02.664,91160000,7.1,-54.82,-61.92
2026-07-21 18:50:03.676,91160000,6.62,-55.35,-61.96
2026-07-21 18:50:04.674,91160000,7.22,-55.51,-62.73
2026-07-21 18:50:05.672,91160000,7.08,-55.48,-62.56
2026-07-21 18:50:06.672,91160000,7.76,-55.16,-62.91
2026-07-21 18:50:07.670,91160000,7.65,-55.56,-63.21
2026-07-21 18:50:08.667,91160000,7.2,-55.8,-63
2026-07-21 18:50:09.664,91160000,6.72,-55.87,-62.58
2026-07-21 18:50:10.678,91160000,6.29,-55.58,-61.88
2026-07-21 18:50:11.673,91160000,6.95,-55.88,-62.83
2026-07-21 18:50:12.672,91160000,6.11,-55.66,-61.77
2026-07-21 18:50:13.671,91160000,6.47,-54.39,-60.86
2026-07-21 18:50:14.669,91160000,6.58,-54.61,-61.2
2026-07-21 18:50:15.664,91160000,6.15,-55.24,-61.39
2026-07-21 18:50:16.665,91160000,5.92,-55.73,-61.64
2026-07-21 18:50:17.673,91160000,6.1,-56.22,-62.32
2026-07-21 18:50:18.667,91160000,6.45,-56,-62.44
2026-07-21 18:50:19.666,91160000,7.51,-55.31,-62.82
2026-07-21 18:50:20.666,91160000,8.01,-54.48,-62.49
2026-07-21 18:50:21.669,91160000,6.89,-54.25,-61.13
2026-07-21 18:50:22.678,91160000,5.97,-54.19,-60.16
2026-07-21 18:50:23.673,91160000,5.97,-54.88,-60.85
2026-07-21 18:50:24.676,91160000,6,-55.4,-61.4
2026-07-21 18:50:25.673,91160000,7.39,-54.58,-61.96
2026-07-21 18:50:26.667,91160000,6.92,-54.7,-61.62
2026-07-21 18:50:27.672,91160000,6.98,-55.24,-62.22
2026-07-21 18:50:28.674,91160000,7.8,-54.48,-62.28
2026-07-21 18:50:29.676,91160000,7.45,-54.85,-62.3
2026-07-21 18:50:30.678,91160000,6.73,-55.09,-61.82
2026-07-21 18:50:31.681,91160000,7.93,-52.96,-60.9
2026-07-21 18:50:32.694,91160000,7.27,-53.48,-60.75
2026-07-21 18:50:33.681,91160000,6.27,-53.83,-60.1
2026-07-21 18:50:34.687,91160000,6.12,-54.28,-60.4
2026-07-21 18:50:35.688,91160000,6.51,-54.65,-61.16
2026-07-21 18:50:36.680,91160000,7.51,-54.44,-61.94
2026-07-21 18:50:37.690,91160000,6.9,-54.96,-61.86
2026-07-21 18:50:38.687,91160000,7.24,-55.07,-62.31
2026-07-21 18:50:39.679,91160000,7.04,-53.56,-60.61
2026-07-21 18:50:40.692,91160000,6.92,-54.21,-61.12
2026-07-21 18:50:41.690,91160000,6,-54.56,-60.56
2026-07-21 18:50:42.688,91160000,6.46,-54.86,-61.32
2026-07-21 18:50:43.686,91160000,7.12,-55.52,-62.64
2026-07-21 18:50:44.683,91160000,6.85,-55.88,-62.73
2026-07-21 18:50:45.682,91160000,6.56,-55.46,-62.02
2026-07-21 18:50:46.679,91160000,6.36,-54.52,-60.88
2026-07-21 18:50:47.692,91160000,6.91,-53.77,-60.68
2026-07-21 18:50:48.688,91160000,7.35,-54.35,-61.7
2026-07-21 18:50:49.683,91160000,6.96,-54.66,-61.62
2026-07-21 18:50:50.681,91160000,6.4,-54.92,-61.32
2026-07-21 18:50:51.691,91160000,6.39,-55.51,-61.91
2026-07-21 18:50:52.692,91160000,6.39,-56.15,-62.54
2026-07-21 18:50:53.693,91160000,6.09,-55.06,-61.15
2026-07-21 18:50:54.692,91160000,7.14,-53.44,-60.58
2026-07-21 18:50:55.681,91160000,6.19,-53.86,-60.05
2026-07-21 18:50:56.686,91160000,5.98,-54.18,-60.16
2026-07-21 18:50:57.684,91160000,5.8,-54.28,-60.08
2026-07-21 18:51:18.693,91160000,6.21,-55.31,-61.52
2026-07-21 18:51:19.682,91160000,8.42,-56.9,-65.32
2026-07-21 18:51:20.691,91160000,10.29,-58.41,-68.7
2026-07-21 18:51:26.685,91160000,10.1,-59.55,-69.65
2026-07-21 18:51:27.679,91160000,10.09,-60.8,-70.89
2026-07-21 18:51:34.683,91160000,9.96,-60.85,-70.82
2026-07-21 18:51:35.685,91160000,11.89,-57.12,-69.02
2026-07-21 18:51:36.687,91160000,12.53,-55.97,-68.49
2026-07-21 18:51:37.685,91160000,11.43,-55.23,-66.66
2026-07-21 18:51:38.684,91160000,9.82,-55.39,-65.21
2026-07-21 18:51:39.682,91160000,8.87,-55.77,-64.64
2026-07-21 18:51:40.688,91160000,8.19,-55.49,-63.68
2026-07-21 18:51:41.683,91160000,6.92,-55.16,-62.07
2026-07-21 18:51:42.684,91160000,6.97,-54.99,-61.96
2026-07-21 18:51:43.682,91160000,7.04,-54.26,-61.31
2026-07-21 18:51:44.682,91160000,6.08,-54.53,-60.61
2026-07-21 18:51:45.693,91160000,5.6,-54.91,-60.51
2026-07-21 18:51:46.679,91160000,5.81,-55.29,-61.1
2026-07-21 18:51:47.691,91160000,7.1,-55.8,-62.91
2026-07-21 18:51:48.680,91160000,6.28,-56.27,-62.55
2026-07-21 18:51:49.686,91160000,5.35,-56.49,-61.84
2026-07-21 18:51:50.682,91160000,4.69,-56.67,-61.36
2026-07-21 18:51:51.681,91160000,4.58,-56.55,-61.13
2026-07-21 18:51:52.694,91160000,4.24,-56.9,-61.14
2026-07-21 18:51:53.693,91160000,3.98,-57.24,-61.22
2026-07-21 18:51:54.693,91160000,3.6,-57.27,-60.87
2026-07-21 18:51:55.689,91160000,4.08,-56.15,-60.23
2026-07-21 18:51:56.684,91160000,3.91,-56.55,-60.46
2026-07-21 18:51:57.681,91160000,4.28,-56.05,-60.33
2026-07-21 18:51:58.694,91160000,4.28,-56.05,-60.33
2026-07-21 18:51:59.704,91160000,4.28,-56.05,-60.33
2026-07-21 18:52:00.704,91160000,4.28,-56.05,-60.33
2026-07-21 18:52:01.703,91160000,4.28,-56.05,-60.33
2026-07-21 18:52:02.702,91160000,4.28,-56.05,-60.33
2026-07-21 18:52:03.702,91160000,4.28,-56.05,-60.33
2026-07-21 18:52:04.703,91160000,4.28,-56.05,-60.33
2026-07-21 18:52:05.701,91160000,4.28,-56.05,-60.33
2026-07-21 18:52:06.704,91160000,4.28,-56.05,-60.33
2026-07-21 18:52:07.703,91160000,4.28,-56.05,-60.33
2026-07-21 18:52:08.697,91160000,4.28,-56.05,-60.33
2026-07-21 18:52:09.694,91160000,4.28,-56.05,-60.33
2026-07-21 18:52:10.709,91160000,4.28,-56.05,-60.33
2026-07-21 18:52:11.695,91160000,4.28,-56.05,-60.33
2026-07-21 18:52:12.708,91160000,4.28,-56.05,-60.33
2026-07-21 18:52:13.708,91160000,4.28,-56.05,-60.33
2026-07-21 18:52:14.707,91160000,4.28,-56.05,-60.33
2026-07-21 18:52:15.704,91160000,4.28,-56.05,-60.33
2026-07-21 18:52:16.702,91160000,4.28,-56.05,-60.33
2026-07-21 18:52:17.700,91160000,4.28,-56.05,-60.33
2026-07-21 18:52:18.699,91160000,4.28,-56.05,-60.33
2026-07-21 18:52:19.700,91160000,4.28,-56.05,-60.33
2026-07-21 18:52:20.701,91160000,4.28,-56.05,-60.33
2026-07-21 18:52:21.701,91160000,4.28,-56.05,-60.33
2026-07-21 18:52:22.702,91160000,4.28,-56.05,-60.33
2026-07-21 18:52:23.699,91160000,4.28,-56.05,-60.33
2026-07-21 18:52:24.697,91160000,4.28,-56.05,-60.33
2026-07-21 18:52:25.698,91160000,4.28,-56.05,-60.33
2026-07-21 18:52:26.701,91160000,4.28,-56.05,-60.33
2026-07-21 18:52:27.697,91160000,4.28,-56.05,-60.33
2026-07-21 18:52:28.695,91160000,4.28,-56.05,-60.33
2026-07-21 18:52:29.704,91160000,4.28,-56.05,-60.33
2026-07-21 18:52:30.703,91160000,4.28,-56.05,-60.33
2026-07-21 18:52:31.696,91160000,4.28,-56.05,-60.33
2026-07-21 18:52:32.694,91160000,4.28,-56.05,-60.33
2026-07-21 18:52:33.707,91160000,4.28,-56.05,-60.33
2026-07-21 18:52:34.706,91160000,4.28,-56.05,-60.33
2026-07-21 18:52:35.703,91160000,4.28,-56.05,-60.33
2026-07-21 18:52:36.701,91160000,4.28,-56.05,-60.33
2026-07-21 18:52:37.698,91160000,4.28,-56.05,-60.33
2026-07-21 18:52:38.698,91160000,4.28,-56.05,-60.33
2026-07-21 18:52:39.696,91160000,4.28,-56.05,-60.33
2026-07-21 18:52:40.694,91160000,4.28,-56.05,-60.33
2026-07-21 18:52:41.707,91160000,4.28,-56.05,-60.33
2026-07-21 18:52:42.695,91160000,4.28,-56.05,-60.33
2026-07-21 18:52:43.708,91160000,4.28,-56.05,-60.33
2026-07-21 18:52:44.704,91160000,4.28,-56.05,-60.33
2026-07-21 18:52:45.697,91160000,4.28,-56.05,-60.33
2026-07-21 18:52:46.698,91160000,4.28,-56.05,-60.33
2026-07-21 18:52:47.695,91160000,4.28,-56.05,-60.33
2026-07-21 18:52:48.708,91160000,4.28,-56.05,-60.33
2026-07-21 18:52:49.695,91160000,4.28,-56.05,-60.33
2026-07-21 18:52:50.694,91160000,4.28,-56.05,-60.33
2026-07-21 18:52:51.707,91160000,4.28,-56.05,-60.33
2026-07-21 18:52:52.705,91160000,4.28,-56.05,-60.33
2026-07-21 18:52:53.700,91160000,4.28,-56.05,-60.33
2026-07-21 18:52:54.695,91160000,4.28,-56.05,-60.33
2026-07-21 18:52:55.706,91160000,4.28,-56.05,-60.33
2026-07-21 18:52:56.703,91160000,4.28,-56.05,-60.33
2026-07-21 18:52:57.700,91160000,4.28,-56.05,-60.33
2026-07-21 18:52:58.699,91160000,4.28,-56.05,-60.33
2026-07-21 18:52:59.696,91160000,4.28,-56.05,-60.33
2026-07-21 18:53:00.707,91160000,4.28,-56.05,-60.33
2026-07-21 18:53:01.705,91160000,4.28,-56.05,-60.33
2026-07-21 18:53:02.703,91160000,4.28,-56.05,-60.33
2026-07-21 18:53:03.697,91160000,4.28,-56.05,-60.33
2026-07-21 18:53:04.708,91160000,4.28,-56.05,-60.33
2026-07-21 18:53:05.702,91160000,4.28,-56.05,-60.33
2026-07-21 18:53:06.699,91160000,4.28,-56.05,-60.33
2026-07-21 18:53:07.697,91160000,4.28,-56.05,-60.33
2026-07-21 18:53:08.697,91160000,4.28,-56.05,-60.33
2026-07-21 18:53:09.698,91160000,4.28,-56.05,-60.33
2026-07-21 18:53:10.695,91160000,4.28,-56.05,-60.33
2026-07-21 18:53:11.709,91160000,4.28,-56.05,-60.33
2026-07-21 18:53:12.705,91160000,4.28,-56.05,-60.33
2026-07-21 18:53:13.705,91160000,4.28,-56.05,-60.33
2026-07-21 18:53:14.700,91160000,4.28,-56.05,-60.33
2026-07-21 18:53:15.696,91160000,4.28,-56.05,-60.33
2026-07-21 18:53:16.697,91160000,4.28,-56.05,-60.33
2026-07-21 18:53:17.708,91160000,4.28,-56.05,-60.33
2026-07-21 18:53:18.706,91160000,4.28,-56.05,-60.33
2026-07-21 18:53:19.706,91160000,4.28,-56.05,-60.33
2026-07-21 18:53:20.706,91160000,4.28,-56.05,-60.33
2026-07-21 18:53:21.703,91160000,4.28,-56.05,-60.33
2026-07-21 18:53:22.698,91160000,4.28,-56.05,-60.33
2026-07-21 18:53:23.701,91160000,4.28,-56.05,-60.33
2026-07-21 18:53:24.700,91160000,4.28,-56.05,-60.33
2026-07-21 18:53:25.708,91160000,4.28,-56.05,-60.33
2026-07-21 18:53:26.705,91160000,4.28,-56.05,-60.33
2026-07-21 18:53:27.703,91160000,4.28,-56.05,-60.33
2026-07-21 18:53:28.699,91160000,4.28,-56.05,-60.33
2026-07-21 18:53:29.694,91160000,4.28,-56.05,-60.33
2026-07-21 18:53:30.695,91160000,4.28,-56.05,-60.33
2026-07-21 18:53:31.696,91160000,4.28,-56.05,-60.33
2026-07-21 18:53:32.706,91160000,4.28,-56.05,-60.33
2026-07-21 18:53:33.703,91160000,4.28,-56.05,-60.33
2026-07-21 18:53:34.703,91160000,4.28,-56.05,-60.33
2026-07-21 18:53:35.698,91160000,4.28,-56.05,-60.33
2026-07-21 18:53:36.697,91160000,4.28,-56.05,-60.33
2026-07-21 18:53:37.706,91160000,4.28,-56.05,-60.33
2026-07-21 18:53:38.702,91160000,4.28,-56.05,-60.33
2026-07-21 18:53:39.700,91160000,4.28,-56.05,-60.33
2026-07-21 18:53:40.698,91160000,4.28,-56.05,-60.33
2026-07-21 18:53:41.699,91160000,4.28,-56.05,-60.33
2026-07-21 18:53:42.698,91160000,4.28,-56.05,-60.33
2026-07-21 18:53:43.694,91160000,4.28,-56.05,-60.33
2026-07-21 18:53:44.709,91160000,4.28,-56.05,-60.33
2026-07-21 18:53:45.708,91160000,4.28,-56.05,-60.33
2026-07-21 18:53:46.704,91160000,4.28,-56.05,-60.33
2026-07-21 18:53:47.708,91160000,4.28,-56.05,-60.33
2026-07-21 18:53:48.704,91160000,4.28,-56.05,-60.33
2026-07-21 18:53:49.698,91160000,4.47,-56.39,-60.86
2026-07-21 18:53:50.698,91160000,4.22,-56.07,-60.28
2026-07-21 18:53:51.698,91160000,4.16,-55.6,-59.77
2026-07-21 18:53:52.695,91160000,3.97,-56,-59.97
2026-07-21 18:53:53.695,91160000,3.67,-56.35,-60.02
2026-07-21 18:53:54.708,91160000,3.21,-56.57,-59.78
2026-07-21 18:53:55.707,91160000,3.32,-56.85,-60.18
2026-07-21 18:53:56.695,91160000,3.39,-57.26,-60.65
2026-07-21 18:53:57.695,91160000,3.53,-56.44,-59.97
2026-07-21 18:53:58.708,91160000,3.5,-55.91,-59.4
2026-07-21 18:53:59.700,91160000,3.4,-56.17,-59.57
2026-07-21 18:54:00.699,91160000,3.72,-56.6,-60.32
2026-07-21 18:54:01.700,91160000,3.6,-56.98,-60.59
2026-07-21 18:54:02.830,91160000,3.33,-56.8,-60.14
2026-07-21 18:54:03.696,91160000,3.58,-57.24,-60.83
2026-07-21 18:54:04.707,91160000,3.55,-57.28,-60.83
2026-07-21 18:54:05.758,91160000,3.35,-57.27,-60.62
2026-07-21 18:54:06.703,91160000,3.82,-57.61,-61.43
2026-07-21 18:54:07.705,91160000,4.42,-56.23,-60.64
2026-07-21 18:54:08.706,91160000,4.31,-56.37,-60.68
2026-07-21 18:54:09.706,91160000,3.93,-56.64,-60.58
2026-07-21 18:54:10.697,91160000,3.62,-56.94,-60.56
2026-07-21 18:54:11.734,91160000,3.52,-56.72,-60.24
2026-07-21 18:54:12.697,91160000,3.72,-56.81,-60.54
2026-07-21 18:54:13.697,91160000,3.86,-56.06,-59.92
2026-07-21 18:54:14.694,91160000,3.79,-56.5,-60.29
2026-07-21 18:54:15.801,91160000,4.07,-57.17,-61.24
2026-07-21 18:54:16.709,91160000,4.04,-57.36,-61.39
2026-07-21 18:54:17.703,91160000,5.87,-55.05,-60.93
2026-07-21 18:54:18.701,91160000,5.17,-55.37,-60.54
2026-07-21 18:54:19.731,91160000,4.63,-55.75,-60.38
2026-07-21 18:54:20.700,91160000,4.42,-56.37,-60.79
2026-07-21 18:54:21.696,91160000,4.07,-56.53,-60.61
2026-07-21 18:54:22.695,91160000,3.9,-56.95,-60.85
2026-07-21 18:54:23.705,91160000,4.78,-57.03,-61.8
2026-07-21 18:54:24.705,91160000,5.07,-57.68,-62.75
2026-07-21 18:54:25.702,91160000,4.84,-57.01,-61.85
2026-07-21 18:54:26.697,91160000,4.73,-56.99,-61.72
2026-07-21 18:54:27.709,91160000,4.14,-57.3,-61.44
2026-07-21 18:54:28.705,91160000,3.93,-57.24,-61.16
2026-07-21 18:54:29.706,91160000,4.02,-56.97,-60.99
2026-07-21 18:54:30.708,91160000,3.94,-56.8,-60.74
2026-07-21 18:54:31.704,91160000,3.89,-56,-59.89
2026-07-21 18:54:32.700,91160000,3.78,-55.91,-59.69
2026-07-21 18:54:33.699,91160000,3.51,-55.91,-59.41
2026-07-21 18:54:34.694,91160000,3.27,-55.85,-59.12
2026-07-21 18:54:35.705,91160000,3.71,-55.81,-59.52
2026-07-21 18:54:36.701,91160000,4.13,-55.2,-59.33
2026-07-21 18:54:37.699,91160000,3.95,-55.27,-59.22
2026-07-21 18:54:38.710,91160000,3.59,-55.55,-59.14
2026-07-21 18:54:39.721,91160000,3.42,-55.55,-58.97
2026-07-21 18:54:40.718,91160000,3.25,-55.93,-59.18
2026-07-21 18:54:41.723,91160000,3.07,-56.05,-59.12
2026-07-21 18:54:42.717,91160000,3.22,-56.49,-59.71
2026-07-21 18:54:43.722,91160000,3.26,-56.52,-59.78
2026-07-21 18:54:44.713,91160000,3.43,-56,-59.43
2026-07-21 18:54:45.712,91160000,4.05,-56.36,-60.41
2026-07-21 18:54:46.723,91160000,3.57,-56.55,-60.12
2026-07-21 18:54:47.721,91160000,3.36,-56.42,-59.79
2026-07-21 18:54:48.713,91160000,3.17,-56.75,-59.92
2026-07-21 18:54:49.724,91160000,4.03,-55.11,-59.14
2026-07-21 18:54:50.709,91160000,4.19,-55.2,-59.39
2026-07-21 18:54:51.722,91160000,4.36,-55.72,-60.08
2026-07-21 18:54:52.722,91160000,4.72,-55.08,-59.8
2026-07-21 18:54:53.715,91160000,4.52,-55.61,-60.13
2026-07-21 18:54:54.712,91160000,4.54,-54.74,-59.28
2026-07-21 18:54:55.725,91160000,4.99,-55.02,-60
2026-07-21 18:54:56.736,91160000,4.74,-55.54,-60.28
2026-07-21 18:54:57.734,91160000,4.19,-55.84,-60.03
2026-07-21 18:54:58.731,91160000,4.33,-55.59,-59.92
2026-07-21 18:54:59.728,91160000,3.87,-55.96,-59.83
2026-07-21 18:55:00.727,91160000,3.46,-56.15,-59.61
2026-07-21 18:55:01.872,91160000,3.56,-56.67,-60.23
2026-07-21 18:55:02.726,91160000,3.49,-56.99,-60.48
2026-07-21 18:55:03.733,91160000,3.78,-56.99,-60.77
2026-07-21 18:55:04.737,91160000,3.59,-57.35,-60.94
2026-07-21 18:55:05.734,91160000,3.93,-56.34,-60.27
2026-07-21 18:55:06.732,91160000,3.69,-56.46,-60.15
2026-07-21 18:55:07.731,91160000,3.89,-56.51,-60.41
2026-07-21 18:55:08.726,91160000,3.88,-56.95,-60.83
2026-07-21 18:55:09.726,91160000,3.66,-57.07,-60.73
2026-07-21 18:55:10.727,91160000,4.29,-56.36,-60.65
2026-07-21 18:55:11.741,91160000,4.03,-56.15,-60.19
2026-07-21 18:55:12.740,91160000,3.99,-55.91,-59.9
2026-07-21 18:55:13.736,91160000,4,-55.78,-59.78
2026-07-21 18:55:14.731,91160000,3.65,-55.74,-59.39
2026-07-21 18:55:15.729,91160000,3.52,-55.5,-59.02
2026-07-21 18:55:16.727,91160000,3.55,-56,-59.56
2026-07-21 18:55:17.732,91160000,3.22,-56.28,-59.5
2026-07-21 18:55:18.735,91160000,3.26,-56.14,-59.4
2026-07-21 18:55:19.734,91160000,3.24,-56.54,-59.78
2026-07-21 18:55:20.730,91160000,4.02,-55.08,-59.1
2026-07-21 18:55:21.882,91160000,3.71,-55.08,-58.78
2026-07-21 18:55:22.737,91160000,3.87,-55.61,-59.48
2026-07-21 18:55:23.738,91160000,3.52,-55.51,-59.04
2026-07-21 18:55:24.738,91160000,3.21,-55.83,-59.04
2026-07-21 18:55:25.734,91160000,3,-55.82,-58.82
2026-07-21 18:55:26.734,91160000,3.45,-56.4,-59.84
2026-07-21 18:55:27.727,91160000,3.4,-56.66,-60.06
2026-07-21 18:55:28.727,91160000,3.75,-56.82,-60.57
2026-07-21 18:55:29.737,91160000,3.65,-56.86,-60.51
2026-07-21 18:55:30.938,91160000,3.39,-56.86,-60.24
2026-07-21 18:55:31.734,91160000,3.99,-56.86,-60.85
2026-07-21 18:55:32.733,91160000,4.12,-56.01,-60.12
2026-07-21 18:55:33.795,91160000,4.83,-54.41,-59.24
2026-07-21 18:55:34.725,91160000,4.54,-54.85,-59.39
2026-07-21 18:55:35.740,91160000,4.41,-55.33,-59.74
2026-07-21 18:55:36.731,91160000,3.66,-55.45,-59.11
2026-07-21 18:55:37.738,91160000,4.31,-54.73,-59.04
2026-07-21 18:55:38.737,91160000,4.75,-55.41,-60.16
2026-07-21 18:55:39.735,91160000,5.27,-53.92,-59.19
2026-07-21 18:55:40.729,91160000,5.06,-54.44,-59.51
2026-07-21 18:55:41.733,91160000,4.89,-55,-59.89
2026-07-21 18:55:42.728,91160000,4.65,-55.52,-60.17
2026-07-21 18:55:43.734,91160000,4.67,-56.1,-60.77
2026-07-21 18:55:44.736,91160000,4.44,-56.57,-61.01
2026-07-21 18:55:45.731,91160000,3.98,-56.57,-60.55
2026-07-21 18:55:46.726,91160000,4.36,-56.47,-60.83
2026-07-21 18:55:47.740,91160000,4.48,-55.63,-60.1
2026-07-21 18:55:48.739,91160000,4.56,-55.79,-60.35
2026-07-21 18:55:49.727,91160000,5.53,-54.15,-59.68
2026-07-21 18:55:50.740,91160000,4.81,-54.53,-59.34
2026-07-21 18:55:51.731,91160000,5.24,-54.69,-59.92
2026-07-21 18:55:52.735,91160000,4.64,-55.05,-59.69
2026-07-21 18:55:53.731,91160000,5.59,-54.03,-59.62
2026-07-21 18:55:54.735,91160000,5.49,-54.75,-60.24
2026-07-21 18:55:55.728,91160000,4.67,-55.09,-59.77
2026-07-21 18:55:56.729,91160000,4.36,-55.47,-59.82
2026-07-21 18:55:57.729,91160000,3.78,-55.73,-59.51
2026-07-21 18:55:58.726,91160000,3.9,-55.76,-59.66
2026-07-21 18:55:59.736,91160000,4.11,-56.34,-60.45
2026-07-21 18:56:00.733,91160000,3.71,-56.49,-60.2
2026-07-21 18:56:01.731,91160000,3.82,-56.49,-60.32
2026-07-21 18:56:02.727,91160000,3.7,-56.91,-60.61
2026-07-21 18:56:03.726,91160000,3.47,-56.46,-59.93
2026-07-21 18:56:04.736,91160000,3.84,-56.35,-60.2
2026-07-21 18:56:05.730,91160000,3.5,-56.71,-60.21
2026-07-21 18:56:06.742,91160000,3.57,-56.57,-60.14
2026-07-21 18:56:07.746,91160000,3.78,-55.95,-59.73
2026-07-21 18:56:08.752,91160000,3.88,-56.42,-60.3
2026-07-21 18:56:09.755,91160000,4,-56.4,-60.4
2026-07-21 18:56:10.743,91160000,3.79,-56.82,-60.61
2026-07-21 18:56:11.750,91160000,3.35,-57.09,-60.44
2026-07-21 18:56:12.746,91160000,3.34,-57.44,-60.78
2026-07-21 18:56:13.745,91160000,3.78,-56.85,-60.64
2026-07-21 18:56:14.761,91160000,3.52,-56.81,-60.33
2026-07-21 18:56:15.749,91160000,3.77,-56.1,-59.87
2026-07-21 18:56:16.753,91160000,3.71,-56.54,-60.26
2026-07-21 18:56:17.753,91160000,3.76,-56.95,-60.71
2026-07-21 18:56:18.750,91160000,3.62,-56.91,-60.53
2026-07-21 18:56:19.746,91160000,3.47,-56.76,-60.22
2026-07-21 18:56:20.745,91160000,3.52,-56.89,-60.41
2026-07-21 18:56:21.753,91160000,3.43,-56.55,-59.98
2026-07-21 18:56:22.794,91160000,3.47,-56.57,-60.04
2026-07-21 18:56:23.746,91160000,3.23,-56.75,-59.98
2026-07-21 18:56:24.743,91160000,4.42,-54.84,-59.26
2026-07-21 18:56:25.889,91160000,4.37,-55.47,-59.84
2026-07-21 18:56:26.743,91160000,4.72,-56.12,-60.84
2026-07-21 18:56:27.757,91160000,4.36,-56.47,-60.83
2026-07-21 18:56:28.753,91160000,4.12,-55.86,-59.98
2026-07-21 18:56:29.751,91160000,3.89,-56.11,-60.01
2026-07-21 18:56:30.746,91160000,4.2,-56.66,-60.85
2026-07-21 18:56:31.749,91160000,3.7,-56.69,-60.39
2026-07-21 18:56:32.745,91160000,4.17,-56.23,-60.4
2026-07-21 18:56:33.743,91160000,4.09,-56.49,-60.58
2026-07-21 18:56:34.854,91160000,3.58,-56.71,-60.29
2026-07-21 18:56:35.742,91160000,3.54,-56.22,-59.76
2026-07-21 18:56:36.743,91160000,3.71,-56.66,-60.37
2026-07-21 18:56:37.744,91160000,4.27,-55.79,-60.06
2026-07-21 18:56:38.755,91160000,4.44,-55.94,-60.37
2026-07-21 18:56:39.741,91160000,3.92,-55.84,-59.75
2026-07-21 18:56:40.746,91160000,3.95,-56.28,-60.23
2026-07-21 18:56:41.751,91160000,4.13,-56.16,-60.29
2026-07-21 18:56:42.745,91160000,4.78,-54.41,-59.2
2026-07-21 18:56:43.754,91160000,5.32,-55.36,-60.69
2026-07-21 18:56:44.746,91160000,4.7,-55.39,-60.09
2026-07-21 18:56:45.745,91160000,4.34,-55.78,-60.12
2026-07-21 18:56:46.755,91160000,3.85,-56.01,-59.86
2026-07-21 18:56:47.752,91160000,3.94,-55.81,-59.75
2026-07-21 18:56:48.746,91160000,4.07,-56.01,-60.08
2026-07-21 18:56:49.746,91160000,3.52,-56.21,-59.73
2026-07-21 18:56:50.741,91160000,3.67,-56.59,-60.26
2026-07-21 18:56:51.753,91160000,3.87,-56.56,-60.43
2026-07-21 18:56:52.749,91160000,3.91,-56.25,-60.16
2026-07-21 18:56:53.748,91160000,3.75,-56.05,-59.8
2026-07-21 18:56:54.746,91160000,3.35,-55.79,-59.15
2026-07-21 18:56:55.775,91160000,4.06,-54.7,-58.76
2026-07-21 18:56:56.747,91160000,3.97,-55.11,-59.08
2026-07-21 18:56:57.744,91160000,4.07,-55.6,-59.66
2026-07-21 18:56:58.746,91160000,3.75,-55.48,-59.23
2026-07-21 18:56:59.744,91160000,4.17,-54.75,-58.92
2026-07-21 18:57:00.743,91160000,5.63,-55.39,-61.02
2026-07-21 18:57:01.743,91160000,4.79,-55.24,-60.03
2026-07-21 18:57:02.741,91160000,4.36,-55.3,-59.66
2026-07-21 18:57:03.748,91160000,4.46,-55.92,-60.38
2026-07-21 18:57:04.747,91160000,4.29,-55.47,-59.76
2026-07-21 18:57:05.753,91160000,4.14,-55.13,-59.27
2026-07-21 18:57:06.755,91160000,3.81,-55.54,-59.35
2026-07-21 18:57:07.750,91157000,3.5,-55.84,-59.34
2026-07-21 18:57:08.746,91157000,6.06,-56.93,-62.99
2026-07-21 18:57:09.742,91157000,6.97,-57.57,-64.55
2026-07-21 18:57:10.743,91157000,8.01,-58.35,-66.36
2026-07-21 18:57:11.749,91157000,8.65,-59.04,-67.69
2026-07-21 18:57:12.746,91157000,9.93,-59.46,-69.39
2026-07-21 18:57:13.742,91157000,9.86,-59.6,-69.47
2026-07-21 18:57:14.750,91157000,9.54,-59.7,-69.25
2026-07-21 18:57:15.753,91157000,9.3,-59.55,-68.85
2026-07-21 18:57:16.753,91157000,10.78,-59.34,-70.12
2026-07-21 18:57:17.747,91157000,9.93,-59.81,-69.74
2026-07-21 18:57:18.746,91157000,9.86,-59.9,-69.77
2026-07-21 18:57:19.743,91157000,9.97,-60.53,-70.51
2026-07-21 18:57:20.753,91157000,10.8,-60.54,-71.33
2026-07-21 18:57:21.751,91157000,10.88,-60.55,-71.43
2026-07-21 18:57:22.746,91157000,10.76,-60.14,-70.9
2026-07-21 18:57:23.747,91157000,10.56,-60.05,-70.6
2026-07-21 18:57:24.743,91157000,10.74,-59.2,-69.94
2026-07-21 18:57:25.742,91157000,10.73,-59.64,-70.37
2026-07-21 18:57:26.751,91157000,10.52,-60.23,-70.76
2026-07-21 18:57:27.753,91157000,9.92,-60.69,-70.61
2026-07-21 18:57:28.750,91157000,9.94,-60.97,-70.92
2026-07-21 18:57:29.749,91157000,9.78,-60.89,-70.67
2026-07-21 18:57:30.744,91157000,9.77,-61.44,-71.21
2026-07-21 18:57:31.747,91157000,9.69,-61.5,-71.19
2026-07-21 18:57:32.862,91157000,10.67,-60.3,-70.97
2026-07-21 18:57:33.745,91157000,11.06,-59.25,-70.31
2026-07-21 18:57:34.743,91157000,10.11,-59.74,-69.85
2026-07-21 18:57:35.757,91157000,10.24,-59.81,-70.05
2026-07-21 18:57:36.752,91157000,11.18,-59.82,-71
2026-07-21 18:57:37.756,91157000,10.87,-60.23,-71.1
2026-07-21 18:57:38.741,91157000,11.28,-60.57,-71.86
2026-07-21 18:57:39.743,91157000,11.47,-60.76,-72.23
2026-07-21 18:57:40.746,91157000,11.37,-60.61,-71.99
2026-07-21 18:57:41.742,91157000,11,-61.13,-72.13
2026-07-21 18:57:42.754,91157000,11.23,-60.39,-71.62
2026-07-21 18:57:43.752,91157000,10.79,-60.79,-71.58
2026-07-21 18:57:44.880,91157000,11,-60.57,-71.57
2026-07-21 18:57:45.747,91157000,10.69,-60.63,-71.32
2026-07-21 18:57:46.744,91157000,10.19,-60.99,-71.18
